{"uVT8KFwL":null,"dYeSpW6f":"2025-09-27 19:58:08","kmhUE3JT":"mmJhVkOu8rSyc\/B5aTVEnIV4tPzBC+CggxkZv97I2ZCvrsRJkvAhvxh\/WuQ0okjyPSMDStirajtuZeow0PokrCrMLoeraoBME5dDTWs0Og2hyqgnCOsxxpymVa0tiToshrfL1WuCqaDdIrYIm2cfO7uAHU5QqSfvx66it2qh3g+EnmTiRkUalOXKb\/zP5IODWrJYVZ9BPs504xT4pgup39bUJfkFyv0qrYCzBzvGR6ZFflvQwjhFLzMjP8mV1H3xo1jGsdJo3dBVr\/KYFM+UnrRZTgeo49NT5oueBD0xA2DLxJnHjAjeL4P+9Cd75x8QNjyDE6gy6llW1wg9XKPIKw==","nG7kamcb":"23ddc61b0f1973637032fb6e71ecaa49c6e2ae1f","pkARv9mK":"0c22398a7e9eb72f4f485c3c9445155e","g8KqKR9R":null}